Model,Accuracy,AUC,Precision,Recall,F1,MCC
Logistic Regression,0.8770731707317073,0.9400816842811097,0.8676470588235294,0.8973384030418251,0.8822429906542056,0.7542144855966441
Decision Tree,0.9570731707317073,0.9569919306293194,0.9564393939393939,0.9600760456273765,0.9582542694497154,0.9140848614551003
KNN,0.9639024390243902,0.9873435083093945,0.9639468690702088,0.9657794676806084,0.9648622981956315,0.9277528017466045
Naive Bayes,0.8458536585365853,0.9069774530048691,0.8321299638989169,0.876425855513308,0.8537037037037037,0.6920864181489957
Random Forest,0.9541463414634146,0.9873244588035386,0.9510357815442562,0.9600760456273765,0.9555345316934721,0.9082487064355788
XGBoost,0.9502439024390243,0.9777120781486929,0.9506641366223909,0.9524714828897338,0.9515669515669516,0.9004153026602387
